{"cameraMode":{"drawMode":0,"name":"Shaded","section":"Shading Mode"},"sceneLighting":true,"audioPlay":false,"sceneViewState":{"m_AlwaysRefresh":false,"showFog":true,"showSkybox":true,"showFlares":true,"showImageEffects":true,"showParticleSystems":true,"showVisualEffectGraphs":true,"m_FxEnabled":true},"in2DMode":false,"pivot":{"x":48.41279983520508,"y":0.024657249450683595,"z":-26.445985794067384},"rotation":{"x":-0.018916647881269456,"y":-0.9811093807220459,"z":0.1320706307888031,"w":-0.14047805964946748},"size":15.966279029846192,"orthographic":false}