{"cameraMode":{"drawMode":0,"name":"Shaded","section":"Shading Mode"},"sceneLighting":true,"audioPlay":false,"sceneViewState":{"m_AlwaysRefresh":false,"showFog":true,"showSkybox":true,"showFlares":true,"showImageEffects":true,"showParticleSystems":true,"showVisualEffectGraphs":true,"m_FxEnabled":true},"in2DMode":false,"pivot":{"x":12.782193183898926,"y":1.0662899017333985,"z":2.2003867626190187},"rotation":{"x":-0.22252388298511506,"y":0.08673188090324402,"z":-0.019878042861819269,"w":-0.9708669781684876},"size":5.26584529876709,"orthographic":false}