{"cameraMode":{"drawMode":0,"name":"Shaded","section":"Shading Mode"},"sceneLighting":true,"audioPlay":false,"sceneViewState":{"m_AlwaysRefresh":false,"showFog":true,"showSkybox":true,"showFlares":true,"showImageEffects":true,"showParticleSystems":true,"showVisualEffectGraphs":true,"m_FxEnabled":true},"in2DMode":false,"pivot":{"x":-3.8741366863250734,"y":0.6888910531997681,"z":1.1992541551589966},"rotation":{"x":-0.4844261109828949,"y":0.09204895794391632,"z":-0.05134543776512146,"w":-0.8684632778167725},"size":7.304666519165039,"orthographic":false}